{"cameraMode":{"drawMode":0,"name":"Shaded","section":"Shading Mode"},"sceneLighting":false,"audioPlay":false,"sceneViewState":{"showFog":true,"showMaterialUpdate":false,"showSkybox":true,"showFlares":true,"showImageEffects":true,"showParticleSystems":true},"in2DMode":false,"pivot":{"x":44.97528839111328,"y":3.2707440853118898,"z":20.66619110107422},"rotation":{"x":-0.3067508637905121,"y":-0.6497360467910767,"z":0.32378262281417849,"w":-0.6155581474304199},"size":8.318510055541993,"orthographic":false}