{"cameraMode":{"drawMode":0,"name":"Shaded","section":"Shading Mode"},"sceneLighting":false,"audioPlay":false,"sceneViewState":{"showFog":true,"showMaterialUpdate":false,"showSkybox":true,"showFlares":true,"showImageEffects":true,"showParticleSystems":true},"in2DMode":false,"pivot":{"x":135.73106384277345,"y":5.03228759765625,"z":-28.735862731933595},"rotation":{"x":-0.027208633720874788,"y":-0.968384325504303,"z":0.21584869921207429,"w":-0.12206921726465225},"size":237.22958374023438,"orthographic":false}